{
  "coef": [
    0.08061423143374251,
    0.00527239491822751,
    -0.04566439022739011,
    0.07192427074221963,
    0.0039045655008223905,
    0.3421310717378571,
    0.026010508675170765
  ],
  "intercept": -2.1348584011935743,
  "mean": [
    4.395986871843248,
    43.09564098028811,
    1.339730361810428,
    16.021844230882614,
    0.36935715268360747,
    0.635565906098304,
    0.19783621248747127
  ],
  "scale": [
    2.985093100907283,
    19.67426558419223,
    1.705798598074593,
    8.127526276448226,
    1.2672588701495553,
    1.2628570853413517,
    0.9304676967848132
  ],
  "columns": [
    "time_in_hospital",
    "num_lab_procedures",
    "num_procedures",
    "num_medications",
    "number_outpatient",
    "number_inpatient",
    "number_emergency"
  ]
}